provinsi,tahun,bulan,jumlah_wisman,jumlah_wisnus,tpk,rlm
BALI,2023,1,329909,3661764,43.89,2.23
BALI,2023,2,317005,2568138,41.93,2.27
BALI,2023,3,366956,2556932,41.34,2.31
BALI,2023,4,410281,3232974,45.09,2.36
BALI,2023,5,439454,3238566,46.14,2.22
BALI,2023,6,478127,4180654,57.71,2.25
BALI,2023,7,541272,3911026,62.21,2.43
BALI,2023,8,522063,3502078,59.21,2.38
BALI,2023,9,508297,3495102,57.32,2.36
BALI,2023,10,458845,3748920,56.27,2.35
BALI,2023,11,397522,3555210,54.49,2.31
BALI,2023,12,478382,4015642,61.5,2.3
BALI,2024,1,414937,3968882,54.58,2.37
BALI,2024,2,454398,4035866,51.71,2.5
BALI,2024,3,463804,3758966,51.41,2.77
BALI,2024,4,502870,3871042,55.67,2.59
BALI,2024,5,544492,3930186,63.87,2.6
BALI,2024,6,520792,3652662,63.2,2.58
BALI,2024,7,625569,3475306,66.24,2.56
BALI,2024,8,613540,3474920,68.25,2.8
BALI,2024,9,591848,3772580,64.46,2.62
BALI,2024,10,554892,3647680,62.51,2.52
BALI,2024,11,472714,3581380,58.44,2.6
BALI,2024,12,548685,4120408,62.2,2.55
BALI,2025,1,526831,4623494,61.33,2.95
BALI,2025,2,444411,3998984,53.31,2.78
BALI,2025,3,464697,4338364,47.86,2.91
BALI,2025,4,587315,4692180,57.37,2.75
BALI,2025,5,602055,4442354,58.41,2.7
BALI,2025,6,637744,4386996,63.49,2.72
BALI,2025,7,697068,4586070,66.44,2.79
BALI,2025,8,682839,4388732,68.05,2.97
BALI,2025,9,634482,4232354,66.58,2.99
BALI,2025,10,594846,4295360,64.09,2.95
BALI,2025,11,476507,4757182,57.95,2.92
BALI,2025,12,558790,4397250,59.33,2.86
DI YOGYAKARTA,2023,1,3878,2918939,58.21,1.57
DI YOGYAKARTA,2023,2,4839,2402006,58.97,1.5
DI YOGYAKARTA,2023,3,5007,2321441,49.6,1.63
DI YOGYAKARTA,2023,4,5592,2291965,41.14,1.53
DI YOGYAKARTA,2023,5,8160,3122919,60.54,1.59
DI YOGYAKARTA,2023,6,11188,3060366,65.64,1.59
DI YOGYAKARTA,2023,7,12444,2864007,62.71,1.58
DI YOGYAKARTA,2023,8,12974,2059153,57.48,1.66
DI YOGYAKARTA,2023,9,11855,2117509,58.99,1.61
DI YOGYAKARTA,2023,10,8536,2313657,57.74,1.59
DI YOGYAKARTA,2023,11,9675,2255890,66.77,1.64
DI YOGYAKARTA,2023,12,11338,2709217,73.73,1.56
DI YOGYAKARTA,2024,1,6879,4267235,53.56,1.46
DI YOGYAKARTA,2024,2,9813,3033596,52.04,1.45
DI YOGYAKARTA,2024,3,6258,2593849,37.8,1.56
DI YOGYAKARTA,2024,4,8790,3543912,48.64,1.47
DI YOGYAKARTA,2024,5,11323,3530518,61.89,1.52
DI YOGYAKARTA,2024,6,8134,3186945,60.57,1.5
DI YOGYAKARTA,2024,7,11120,2432476,63.25,1.54
DI YOGYAKARTA,2024,8,10136,2847256,51.94,1.54
DI YOGYAKARTA,2024,9,9621,3047605,51.35,1.53
DI YOGYAKARTA,2024,10,7828,2916043,55.9,1.55
DI YOGYAKARTA,2024,11,6728,2891101,60.98,1.58
DI YOGYAKARTA,2024,12,7167,3740203,70.24,1.51
DI YOGYAKARTA,2025,1,6717,3758109,56.84,1.47
DI YOGYAKARTA,2025,2,6087,3374272,52.34,1.55
DI YOGYAKARTA,2025,3,3185,3107969,23.15,1.54
DI YOGYAKARTA,2025,4,7135,3818919,49.98,1.47
DI YOGYAKARTA,2025,5,9699,3547415,53.94,1.51
DI YOGYAKARTA,2025,6,10424,3384447,53.86,1.54
DI YOGYAKARTA,2025,7,11322,3519368,58.48,1.57
DI YOGYAKARTA,2025,8,12554,3001094,50.63,1.61
DI YOGYAKARTA,2025,9,10960,3035927,48.27,1.68
DI YOGYAKARTA,2025,10,8712,3060739,55.0,1.64
DI YOGYAKARTA,2025,11,8005,3112138,58.7,1.62
DI YOGYAKARTA,2025,12,8017,3872440,66.38,1.6
JAWA TIMUR,2023,1,10777,19451002,46.07,1.51
JAWA TIMUR,2023,2,11882,17436510,49.63,1.49
JAWA TIMUR,2023,3,10606,17708068,49.71,1.64
JAWA TIMUR,2023,4,12361,19450106,43.14,1.57
JAWA TIMUR,2023,5,15734,22309466,54.86,1.62
JAWA TIMUR,2023,6,18025,20347494,57.18,1.71
JAWA TIMUR,2023,7,20303,17427521,58.25,1.59
JAWA TIMUR,2023,8,25548,13539565,51.52,1.53
JAWA TIMUR,2023,9,25593,12654730,53.91,1.44
JAWA TIMUR,2023,10,21996,13820919,56.64,1.49
JAWA TIMUR,2023,11,22389,12965607,57.59,1.47
JAWA TIMUR,2023,12,23244,19993585,62.77,1.42
JAWA TIMUR,2024,1,17196,18995177,45.02,1.41
JAWA TIMUR,2024,2,28026,18581675,50.53,1.48
JAWA TIMUR,2024,3,18543,16845753,43.53,1.61
JAWA TIMUR,2024,4,29043,25059729,48.57,1.44
JAWA TIMUR,2024,5,31222,18654895,53.52,1.42
JAWA TIMUR,2024,6,25015,19889602,55.02,1.45
JAWA TIMUR,2024,7,34446,17652253,59.55,1.54
JAWA TIMUR,2024,8,38587,14587397,56.54,1.55
JAWA TIMUR,2024,9,31700,15450635,56.42,
JAWA TIMUR,2024,10,28182,16365062,58.07,1.57
JAWA TIMUR,2024,11,20820,16334513,57.24,1.52
JAWA TIMUR,2024,12,19265,20295127,58.44,1.45
JAWA TIMUR,2025,1,22119,19592435,47.83,
JAWA TIMUR,2025,2,19205,16475887,47.8,
JAWA TIMUR,2025,3,15647,16430577,33.1,1.5
JAWA TIMUR,2025,4,24800,25227235,49.81,1.42
JAWA TIMUR,2025,5,33409,16982719,49.26,1.47
JAWA TIMUR,2025,6,34092,18706855,51.81,1.43
JAWA TIMUR,2025,7,34421,17761125,52.65,1.45
JAWA TIMUR,2025,8,37406,16065277,48.97,1.51
JAWA TIMUR,2025,9,32664,16880425,48.37,1.43
JAWA TIMUR,2025,10,29534,16896078,52.63,1.44
JAWA TIMUR,2025,11,21629,16456790,,
JAWA TIMUR,2025,12,25019,19722249,,
NUSA TENGGARA BARAT,2023,1,2202,1549926,24.38,2.05
NUSA TENGGARA BARAT,2023,2,2355,1149696,32.76,2.03
NUSA TENGGARA BARAT,2023,3,2099,1050068,29.07,2.11
NUSA TENGGARA BARAT,2023,4,2903,1219374,24.66,1.9
NUSA TENGGARA BARAT,2023,5,4848,2050140,31.36,2.04
NUSA TENGGARA BARAT,2023,6,5721,3257550,34.74,1.89
NUSA TENGGARA BARAT,2023,7,6433,3436642,42.55,2.1
NUSA TENGGARA BARAT,2023,8,6245,2812332,42.93,2.08
NUSA TENGGARA BARAT,2023,9,6294,2509050,38.72,2.02
NUSA TENGGARA BARAT,2023,10,5904,2653384,41.1,2.0
NUSA TENGGARA BARAT,2023,11,5278,2574574,36.23,1.87
NUSA TENGGARA BARAT,2023,12,7304,1582072,39.18,1.82
NUSA TENGGARA BARAT,2024,1,4958,2189850,30.99,1.75
NUSA TENGGARA BARAT,2024,2,7748,2062370,34.08,2.05
NUSA TENGGARA BARAT,2024,3,5208,2011988,28.26,2.08
NUSA TENGGARA BARAT,2024,4,6536,2405610,31.06,1.97
NUSA TENGGARA BARAT,2024,5,7742,2144790,37.36,1.98
NUSA TENGGARA BARAT,2024,6,6893,2283628,40.1,1.96
NUSA TENGGARA BARAT,2024,7,8652,2243918,47.02,2.1
NUSA TENGGARA BARAT,2024,8,8122,2463506,51.25,2.02
NUSA TENGGARA BARAT,2024,9,7461,2636858,48.99,1.99
NUSA TENGGARA BARAT,2024,10,7169,2283764,42.64,1.94
NUSA TENGGARA BARAT,2024,11,4947,2220158,33.63,1.96
NUSA TENGGARA BARAT,2024,12,6108,2593052,36.76,1.86
NUSA TENGGARA BARAT,2025,1,6295,2461436,32.8,1.77
NUSA TENGGARA BARAT,2025,2,4926,2076658,28.45,1.75
NUSA TENGGARA BARAT,2025,3,5441,2103960,23.42,2.01
NUSA TENGGARA BARAT,2025,4,7812,2855948,33.83,1.84
NUSA TENGGARA BARAT,2025,5,8641,2354092,34.19,1.79
NUSA TENGGARA BARAT,2025,6,7784,2589584,36.49,1.75
NUSA TENGGARA BARAT,2025,7,10512,2432944,45.11,1.81
NUSA TENGGARA BARAT,2025,8,10207,2491660,42.79,1.71
NUSA TENGGARA BARAT,2025,9,9333,2538562,40.88,1.86
NUSA TENGGARA BARAT,2025,10,9321,2620056,38.23,1.74
NUSA TENGGARA BARAT,2025,11,6689,,37.09,1.75
NUSA TENGGARA BARAT,2025,12,7714,,38.13,1.75
SUMATERA SELATAN,2023,1,0,870450,44.29,1.95
SUMATERA SELATAN,2023,2,1,714967,49.62,1.67
SUMATERA SELATAN,2023,3,1,703181,51.11,1.88
SUMATERA SELATAN,2023,4,0,1010231,46.01,2.22
SUMATERA SELATAN,2023,5,0,1021583,57.29,2.05
SUMATERA SELATAN,2023,6,0,968252,55.08,2.49
SUMATERA SELATAN,2023,7,11,1013893,54.87,2.33
SUMATERA SELATAN,2023,8,4,867202,58.86,2.08
SUMATERA SELATAN,2023,9,0,867562,54.86,2.14
SUMATERA SELATAN,2023,10,0,858520,57.15,1.82
SUMATERA SELATAN,2023,11,1,725317,58.41,2.32
SUMATERA SELATAN,2023,12,6,1373335,61.38,2.52
SUMATERA SELATAN,2024,1,0,1425715,47.42,2.04
SUMATERA SELATAN,2024,2,2,1319045,51.61,1.63
SUMATERA SELATAN,2024,3,2,1285518,44.15,1.76
SUMATERA SELATAN,2024,4,0,1854471,52.21,1.7
SUMATERA SELATAN,2024,5,5,1326810,51.97,1.73
SUMATERA SELATAN,2024,6,0,1361245,51.13,1.54
SUMATERA SELATAN,2024,7,15,1309530,52.3,1.58
SUMATERA SELATAN,2024,8,11,1377414,52.68,1.76
SUMATERA SELATAN,2024,9,0,1613105,52.36,1.7
SUMATERA SELATAN,2024,10,0,1637643,57.12,1.67
SUMATERA SELATAN,2024,11,0,1613149,53.67,1.76
SUMATERA SELATAN,2024,12,2,2019473,55.67,1.63
SUMATERA SELATAN,2025,1,0,2066307,43.65,1.76
SUMATERA SELATAN,2025,2,0,1943454,45.18,1.78
SUMATERA SELATAN,2025,3,4,1811327,31.46,1.76
SUMATERA SELATAN,2025,4,1,2951323,47.73,1.84
SUMATERA SELATAN,2025,5,11,2122405,48.14,1.8
SUMATERA SELATAN,2025,6,2,2418231,46.42,1.6
SUMATERA SELATAN,2025,7,204,2234581,48.54,1.59
SUMATERA SELATAN,2025,8,1138,2104661,46.17,1.86
SUMATERA SELATAN,2025,9,933,2084412,48.12,1.79
SUMATERA SELATAN,2025,10,834,2110609,53.05,1.74
SUMATERA SELATAN,2025,11,1110,2077790,52.0,1.78
SUMATERA SELATAN,2025,12,837,2140416,55.48,1.6
