Kelas Hotel Bintang,Rata-Rata Lama Menginap Tamu Asing dan Domestik pada Hotel Bintang Menurut Kelas dan Bulan di Provinsi Bali (Malam),,,,,,,,,,,,,,,,,,,,,,,,,,,,,,,,,,,,,,
,2023,,,,,,,,,,,,,2024,,,,,,,,,,,,,2025,,,,,,,,,,,,
,Januari,Februari,Maret,April,Mei,Juni,Juli,Agustus,September,Oktober,November,Desember,Tahunan,Januari,Februari,Maret,April,Mei,Juni,Juli,Agustus,September,Oktober,November,Desember,Tahunan,Januari,Februari,Maret,April,Mei,Juni,Juli,Agustus,September,Oktober,November,Desember,Tahunan
Bintang 5,2.46,2.96,2.72,2.86,2.79,2.77,3.08,3.1,2.88,2.87,2.92,2.85,2.87,2.78,3.05,3.09,3.18,3.18,3.23,3.15,3.54,3.36,3.15,3.03,3.05,-,3.17,2.65,2.76,2.96,2.8,2.88,3.01,3.2,3.22,3.19,3.27,3.29,-
Bintang 4,2.46,2.47,2.55,2.65,2.58,2.51,2.48,2.4,2.44,2.52,2.48,2.47,2.48,2.6,2.6,2.82,2.69,2.71,2.69,2.74,2.68,2.72,2.6,2.73,2.62,-,2.76,2.74,2.7,2.63,2.53,2.52,2.62,2.73,2.74,2.85,2.84,2.75,-
Bintang 3,2.2,2.27,2.18,2.44,1.96,2.19,2.27,2.21,2.24,2.22,2.24,2.31,2.27,2.31,2.47,2.68,2.45,2.39,2.4,2.46,2.43,2.37,2.4,2.44,2.47,-,2.75,2.6,2.71,2.39,2.36,2.54,2.45,2.62,2.57,2.57,2.5,2.57,-
Bintang 2,2.23,1.99,2.25,2.01,1.84,1.82,2.13,2.16,2.11,2.16,1.78,1.96,2.03,1.89,2.11,3.07,2.43,2.56,2.42,2.31,2.41,2.28,2.43,2.24,2.2,-,2.49,2.39,2.89,2.44,2.4,2.63,2.55,2.73,2.82,2.64,2.66,2.38,-
Bintang 1,1.66,1.53,1.73,1.66,1.79,1.77,2.02,1.88,1.99,1.82,1.98,1.74,1.83,2.07,2.14,2.09,2.03,1.99,2.01,1.92,2.87,2.18,1.86,2.46,2.27,-,3.61,3.65,3.66,3.34,3.5,3.1,3.38,3.62,3.69,3.5,3.3,3.23,-
Seluruh Kelas,2.36,2.42,2.42,2.55,2.39,2.45,2.57,2.55,2.51,2.53,2.48,2.49,2.49,2.54,2.62,2.87,2.76,2.75,2.75,2.75,2.86,2.79,2.7,2.7,2.68,-,2.91,2.67,2.75,2.72,2.61,2.68,2.75,2.91,2.92,2.94,2.94,2.91,-
,,,,,,,,,,,,,,,,,,,,,,,,,,,,,,,,,,,,,,,
Catatan,"Sumber: Survei Hotel Bulanan (VHTS), BPS Provinsi Bali",,,,,,,,,,,,,,,,,,,,,,,,,,,,,,,,,,,,,,