Kelas Hotel Bintang,Tingkat Penghunian Kamar (TPK) Hotel Bintang Menurut Kelas di Provinsi Bali (Persen),,,,,,,,,,,,,,,,,,,,,,,,,,,,,,,,,,,,,,
,2023,,,,,,,,,,,,,2024,,,,,,,,,,,,,2025,,,,,,,,,,,,
,Januari,Februari,Maret,April,Mei,Juni,Juli,Agustus,September,Oktober,November,Desember,Tahunan,Januari,Februari,Maret,April,Mei,Juni,Juli,Agustus,September,Oktober,November,Desember,Tahunan,Januari,Februari,Maret,April,Mei,Juni,Juli,Agustus,September,Oktober,November,Desember,Tahunan
Bintang 5,44.81,36.22,41.1,45.04,44.18,66.72,70.02,67.26,63.41,59.22,57,65.77,56.62,58.91,56.6,57.08,61.8,68.22,68,73.82,76.19,67.83,65.05,61.76,64.47,65.1,60,48.59,46.71,58.97,59.24,68.92,71.01,73.24,73.24,67.97,59.37,63.98,-
Bintang 4,49.14,41.91,39.99,45.07,53.33,57.6,61.83,59.53,62.27,59.39,54.54,62.24,53.27,56.99,57.29,50.55,57.13,67.24,68.15,68.96,68.23,68.23,66.26,58.94,64.74,62.87,60.39,53.75,46.97,55.72,57.27,61.55,66.14,68.09,66.26,63.31,57,57.22,-
Bintang 3,46.02,44.65,38.62,42.77,43.17,54.63,59.77,54.71,51.78,53.06,53.36,58.31,49.22,52.13,55.24,50.21,54.6,64.15,62.25,63.63,67.6,63.4,62.03,59.11,62.83,60.08,60,54.29,44.1,55.86,56.78,61.5,65.3,65.73,63.07,59.79,56.6,60.97,-
Bintang 2,35.12,38.84,34.79,36.6,35.18,49.67,51.12,49.75,44.14,49.79,49.86,54.65,44.03,50.08,53.18,56.02,49.87,55.78,53.65,61.83,58.61,57.87,57.28,54.44,57.07,55.44,60.11,52.95,48.69,56.62,58.65,64.13,62.02,64.13,58.8,62.78,58.5,61.99,-
Bintang 1,42.07,48.72,53.55,56.74,53.7,58.04,66.93,63.35,63.05,58.72,57.29,65.84,58.31,53.13,32.69,41.87,52.91,61.73,61.37,60.45,68.72,63.07,60.07,56.79,60.38,54.7,67.22,58.67,54.05,59.84,60.41,60.18,66.45,67.6,69.92,66.1,58.24,50.92,-
Seluruh Kelas,46.16,41.22,40.01,44.31,47.3,59.59,63.6,60.64,59.25,57.43,54.89,62.19,52.88,56.27,55.27,52.71,57.69,66.1,65.78,68.78,70.16,66.34,64.37,59.61,63.71,62.36,60.28,51.62,46.61,57.23,58.1,64.66,67.75,69.54,68.17,64.57,57.97,60.88,-
,,,,,,,,,,,,,,,,,,,,,,,,,,,,,,,,,,,,,,,
Catatan,"Sumber: Survei Hotel Bulanan (VHTS), BPS Provinsi Bali",,,,,,,,,,,,,,,,,,,,,,,,,,,,,,,,,,,,,,