Kabupaten/Kota Se Jawa Timur,Jumlah Perjalanan Wisatawan Nusantara Menurut Kabupaten/Kota Tujuan di Jawa Timur(Perjalanan),,,,,,,,,,,,,,,,,,,,,,,,,,,,,,,,,,,,,,
,2023,,,,,,,,,,,,,2024,,,,,,,,,,,,,2025,,,,,,,,,,,,
,Januari,Februari,Maret,April,Mei,Juni,Juli,Agustus,September,Oktober,November,Desember,Tahunan,Januari,Februari,Maret,April,Mei,Juni,Juli,Agustus,September,Oktober,November,Desember,Tahunan,Januari,Februari,Maret,April,Mei,Juni,Juli,Agustus,September,Oktober,November,Desember,Tahunan
Kabupaten Pacitan,491437,434817,432123,548046,708496,701518,522550,420974,374379,387516,355948,351480,-,243922,223299,185926,410529,250147,242817,252671,179778,223114,168196,153198,209735,-,216462,159554,130316,349842,195659,203701,211469,172090,189405,175059,164363,240832,2408752
Kabupaten Ponorogo,504556,451503,470483,605963,672363,569842,448291,330465,287694,304745,289524,392631,-,307948,298931,301683,548640,290017,316420,313593,243520,235880,236743,230560,288295,-,279058,215653,252700,447657,222104,275756,242254,232959,230516,222433,211613,321349,3154052
Kabupaten Trenggalek,621930,535399,584523,740462,915132,836499,598807,465090,409359,425942,401988,291491,-,276700,251636,228108,482334,252163,271747,242348,209448,203804,180274,166461,224356,-,229752,175580,164272,401240,176419,218099,198357,177484,183296,168203,162700,221586,2476988
Kabupaten Tulungagung,386187,342132,330808,442952,476641,429220,386667,287698,275041,309242,276985,423001,-,389463,356659,330425,585488,389242,408294,392392,303540,305016,332256,317737,412505,-,403012,329320,434069,628549,330870,408367,347827,318854,331070,336884,322516,405391,4596729
Kabupaten Blitar,514543,450218,446071,596225,611976,547100,495849,364935,326896,361808,305052,480260,-,452523,475960,375754,679934,404176,420124,403768,324950,323849,378822,369590,477203,-,463551,377523,484225,709631,421007,443427,414116,384476,389510,370240,356485,470338,5284529
Kabupaten Kediri,593595,510468,524906,647868,637603,553961,566842,391510,374024,413507,397797,657409,-,702347,664913,610295,995228,621463,716180,652744,505597,469950,564793,599892,728799,-,722873,595160,654024,991105,567488,670183,664867,581899,579094,593529,566081,691681,7877984
Kabupaten Malang,1058404,978292,950182,978052,1115693,982630,919947,671063,695585,726126,680394,1382437,-,1306898,1171969,1046560,1661296,1255763,1371247,1231829,973599,1074258,1123239,1079483,1333321,-,1281109,996693,935640,1704699,1149904,1225446,1156720,1014987,1094922,1137881,1073456,1229246,14000703
Kabupaten Lumajang,549556,493660,510133,617236,753393,679497,548173,406376,345516,371309,356908,370770,-,296197,288537,261712,494326,269902,299775,278925,225183,262748,256089,236376,302397,-,313134,264213,266241,549257,267827,319025,319873,268328,287416,283800,258473,296013,3693600
Kabupaten Jember,916637,842621,931738,956645,1084434,847023,714317,565709,534403,587607,553592,730203,-,592556,570968,536349,1020090,566539,574951,503721,434198,548562,486753,469761,581552,-,603238,489772,682968,1067720,493962,596805,551543,462419,546221,533960,507130,562146,7097884
Kabupaten Banyuwangi,755791,704567,743800,836553,919491,824601,696344,524976,460845,519154,475616,630926,-,498186,441798,390143,826965,454169,463507,442238,338785,426292,356080,340992,451774,-,504929,364175,409110,832351,397196,488541,424780,338743,380297,379151,375442,470183,5364898
Kabupaten Bondowoso,411267,383693,387665,393493,432195,413945,305023,240260,216529,257065,275818,269591,-,192410,198473,185342,280235,183445,204879,173345,147510,185760,174721,158305,188162,-,198766,173770,190107,284896,174282,202936,178301,172785,186181,182797,170696,197777,2313294
Kabupaten Situbondo,335754,303085,323123,341848,422513,391003,332393,271313,251207,265213,235273,324629,-,245604,229450,222909,303811,247925,261675,238209,187058,292887,212482,241471,255249,-,273204,232742,227289,355266,253653,260306,270558,221908,284333,213320,250397,258248,3101224
Kabupaten Probolinggo,639760,599208,596155,595663,798112,799378,595353,470440,387519,428077,410629,416086,-,362854,372577,300859,449828,365712,408211,358920,300544,323110,302456,291938,346406,-,372032,301528,262284,438612,288092,331052,316854,296354,294815,273130,263320,288878,3726951
Kabupaten Pasuruan,631405,588524,601810,560290,672318,630180,554767,422239,420276,459254,443015,718790,-,705172,684185,579382,818638,765343,778281,671677,554224,653234,689552,705779,855307,-,824319,690848,560949,945566,699701,760696,747554,661645,733197,707953,707950,827370,8867748
Kabupaten Sidoarjo,878861,954987,799544,725976,846415,789296,697287,588778,569034,606818,592245,1261712,-,1338955,1292162,1226976,1483504,1306015,1377311,1207378,1040845,965797,1174479,1156454,1394656,-,1359238,1168819,1145454,1486253,1195515,1268975,1208308,1169069,1193039,1180494,1188040,1419232,14982436
Kabupaten Mojokerto,675607,440465,414757,442364,542334,553718,487580,389927,405132,430190,404190,712048,-,705481,638063,555986,741385,676975,759689,662132,540451,588535,651559,718058,824500,-,762674,590154,496035,804265,673132,706021,677369,631945,677705,678605,673378,754172,8125455
Kabupaten Jombang,464445,455984,462214,535545,504680,445973,447598,344226,334945,374423,347112,484105,-,495707,485453,461824,743802,472143,519017,461321,380002,405612,498454,492846,591184,-,588457,516518,555653,806248,496568,565228,521863,483244,504577,527773,486938,581374,6634441
Kabupaten Nganjuk,510560,440066,466709,614576,598969,558789,436529,335085,304315,326091,305312,419872,-,414556,408762,390606,719398,386494,458166,396539,328852,313062,325170,348685,462160,-,417742,346694,356426,677104,338688,411539,366271,346770,348146,366067,342326,388626,4706399
Kabupaten Madiun,310193,279782,311755,394408,375006,323422,277010,215581,187714,209723,217947,358016,-,304589,302293,291265,511683,293340,321402,293006,254578,234810,270396,270749,336057,-,303383,249014,294174,481060,249643,289317,282956,263759,253455,258385,261172,295597,3481915
Kabupaten Magetan,412089,316984,311032,481713,476582,393219,380366,259356,257361,271186,258477,428644,-,332345,303841,267221,579925,329284,350053,304956,251355,291024,284856,301414,397699,-,373766,257850,285376,618422,306694,346178,319568,305755,324812,309186,292603,392557,4132767
Kabupaten Ngawi,339121,289057,302767,417779,438398,374206,341298,247677,219684,229441,226419,383757,-,303998,301083,305963,584555,291185,338214,309021,262134,244176,279028,291600,337501,-,313139,247820,341168,536801,254728,323949,276055,272029,261238,278542,263934,313398,3682801
Kabupaten Bojonegoro,525810,454250,480785,595919,601343,541119,452480,373832,350106,378525,362151,432602,-,417990,425625,402283,691967,395407,462947,376697,334863,334376,373980,377927,441451,-,435794,370264,518044,663148,361191,437400,385854,382183,377974,388247,361629,413537,5095265
Kabupaten Tuban,537593,467908,466674,479927,528529,483051,444572,350421,339056,389686,334461,430411,-,410482,383987,323761,553685,371023,398278,358524,306793,317241,339423,339488,456945,-,465816,373827,361208,614588,372223,418768,421534,355954,367970,377518,363801,479049,4972256
Kabupaten Lamongan,451537,423487,437294,532099,509860,435466,427607,319396,301751,332589,300826,452162,-,421920,432142,423801,743776,465387,532080,405179,342440,388565,441882,458738,557080,-,536967,480533,523233,839829,495164,580573,492497,473334,478264,483429,448200,511884,6343907
Kabupaten Gresik,593257,532742,543786,540234,596867,557974,521701,441629,381085,416437,390029,665925,-,712741,691724,672777,832974,699763,791265,651455,566667,535491,638348,645130,788731,-,765006,660482,657408,831844,666980,780333,714530,683313,716565,673929,659880,788264,8598534
Kabupaten Bangkalan,441101,392554,436315,449145,524773,408176,385956,275792,276949,308040,243491,357127,-,458544,498917,448384,628467,401121,501831,359065,318232,414203,351340,357413,408308,-,446904,458623,535850,590077,359913,474544,395716,364858,436451,399918,365359,422139,5250352
Kabupaten Sampang,249784,246172,232640,244620,257910,208533,198196,164080,165179,197815,149230,186314,-,226102,252162,228610,379188,193622,285788,176814,152002,233522,198905,184022,208423,-,248446,268890,283986,390287,203737,297772,221953,211249,287145,237261,206169,224827,3081722
Kabupaten Pamekasan,259538,254137,242446,235436,272529,234913,194635,160612,149517,172845,147164,186080,-,266331,271679,251322,348862,234615,302306,199520,173204,210530,222476,192238,237597,-,235333,228860,219874,339086,216643,250954,213925,193986,222748,217459,204998,222814,2766680
Kabupaten Sumenep,340824,327088,313713,342523,481314,453259,328018,270778,228755,256370,210683,235938,-,328690,350368,314950,364896,246340,294523,224918,203726,215579,205521,171088,214604,-,254399,240436,245748,328982,207738,242598,237149,187489,209958,235570,211841,236431,2838339
Kota Kediri,207975,190739,211465,244475,260743,247107,217578,189500,174732,189927,158264,292270,-,323350,339546,302056,359513,308177,323211,325586,258830,239028,278218,271503,323899,-,330449,294856,263946,333864,280768,280512,306752,261022,283576,293321,270483,332632,3532181
Kota Blitar,118143,110854,111281,132639,169872,188224,149236,105755,105651,117795,111129,155878,-,188648,192036,176589,222292,193177,204042,185344,146404,115944,156280,154586,186088,-,175303,145098,152877,184319,151674,169437,152292,140274,145636,149948,155192,185892,1907942
Kota Malang,723715,606763,617674,634420,875392,832031,718815,596808,536232,599421,594005,1146582,-,1049532,977333,912558,1084596,1066486,1009734,974535,842923,856521,938532,917432,1181396,-,1016468,869110,778847,1083772,938681,932728,972875,921469,905642,949681,939923,1162946,11472142
Kota Probolinggo,163926,145358,155608,156105,178200,169130,130604,105064,94747,102018,99677,211558,-,188357,193721,200891,229211,180991,203241,160556,138764,150240,153978,143230,173632,-,196035,174309,172746,214765,162182,177352,166453,154390,154797,143095,140536,162508,2019168
Kota Pasuruan,127694,107819,112921,123559,128082,118792,100348,88115,91585,89481,78339,117712,-,139020,143387,136364,178382,138479,143077,133818,111078,114593,110281,109320,136032,-,127384,113504,113658,151718,106660,121363,115733,106511,137622,113029,112226,137699,1457107
Kota Mojokerto,106576,89774,99886,125553,121610,129286,81466,71154,72262,72247,66197,108700,-,141577,145894,134506,152886,134433,142886,123341,110168,86400,122969,123924,142125,-,141930,123847,127264,150492,129432,133684,126386,119156,123429,132148,128625,150660,1587053
Kota Madiun,171976,130949,137983,179541,171242,162806,160660,121856,122406,129647,126453,224318,-,201781,206693,187349,270210,213821,214642,206035,172466,174121,208463,196216,251407,-,221275,186743,181992,261127,208639,212057,219794,199618,195110,201072,197798,237124,2522349
Kota Surabaya,1672824,1587319,1713368,1487558,1855123,1739727,1495378,1265422,1188766,1273189,1225338,2331655,-,2248725,2400401,2226275,2452647,2522214,2415591,2288074,1957577,1869829,2116052,2089406,2619776,-,2298422,2150539,1902078,2354771,2193487,2165406,2193982,2013596,2004457,2127988,2105130,2491784,26001640
Kota Batu,757031,573085,491931,472696,773333,792880,667280,425673,438493,530450,557929,970495,-,802976,715048,447989,644583,818397,802200,712059,465109,622972,562016,661503,968815,-,892666,592566,263338,778022,774475,715827,726237,519373,559836,595073,685987,936065,8039465
Jawa Timur,19451002,17436510,17708068,19450106,22309466,20347494,17427521,13539565,12654730,13820919,12965607,19993585,-,18995177,18581675,16845753,25059729,18654895,19889602,17652253,14587397,15450635,16365062,16334513,20295127,-,19592435,16475887,16430577,25227235,16982719,18706855,17761125,16065277,16880425,16896078,16456790,19722249,217197652