Pintu Masuk,"Jumlah Kunjungan Wisatawan Mancanegara per bulan ke Indonesia Menurut Pintu Masuk, 2008 - sekarang (Kunjungan)",,,,,,,,,,,,,,,,,,,,,,,,,,,,,,,,,,,,,,
,2023,,,,,,,,,,,,,2024,,,,,,,,,,,,,2025,,,,,,,,,,,,
,Januari,Februari,Maret,April,Mei,Juni,Juli,Agustus,September,Oktober,November,Desember,Tahunan,Januari,Februari,Maret,April,Mei,Juni,Juli,Agustus,September,Oktober,November,Desember,Tahunan,Januari,Februari,Maret,April,Mei,Juni,Juli,Agustus,September,Oktober,November,Desember,Tahunan
A. Pintu Udara,484497,487449,554665,560434,659065,707476,819496,826446,777537,707584,656709,731293,7972651,631961,735072,682439,750085,835722,821654,994583,987547,941903,859747,756972,832865,9830550,801614,718609,669479,854756,941092,978929,1101619,1108133,996518,954216,805662,888664,10819291
Ngurah Rai,329909,317005,366956,410281,439454,478127,541272,522063,508297,458845,397522,478382,5248113,414937,454398,463804,502870,544492,520792,625569,613540,591848,554892,472714,548685,6308541,526831,444411,464697,587315,602055,637744,697068,682839,634482,594846,476507,558790,6907585
Soekarno-Hatta,115101,124803,140859,99289,158550,161114,204000,218512,190058,181627,186695,172397,1953005,157979,187641,160917,157409,201574,225985,271680,272849,250852,218170,212178,207019,2524253,193433,199306,146390,186523,233751,236013,290369,304970,244404,254968,240330,230381,2760838
Juanda,10777,11882,10606,12361,15734,18025,20303,25548,25593,21996,22389,23244,218458,17196,28026,18543,29043,31222,25015,34446,38587,31700,28182,20820,19265,322045,22119,19205,15647,24800,33409,34092,34421,37406,32664,29534,21629,25019,329945
Kualanamu,14146,15072,16106,15497,16262,16527,17478,20843,15783,14161,16363,18237,196475,14751,24628,15068,25178,20469,16949,22693,21930,24956,20129,19145,21142,247038,23011,22546,16881,19709,26183,25183,28306,29858,29107,24621,20826,23425,289656
Husein Sastranegara,0,0,0,0,17,24,3,0,0,0,0,0,44,0,0,0,0,0,0,22,0,0,0,0,0,22,0,0,0,0,0,0,0,0,0,0,0,0,0
Adi Sucipto,3878,4839,5007,5592,8160,11188,12444,12974,11855,8536,9675,11338,105486,6879,9813,6258,8790,11323,8134,11120,10136,9621,7828,6728,7167,103797,6717,6087,3185,7135,9699,10424,11322,12554,10960,8712,8005,8017,102817
Bandara Int. Lombok,2202,2355,2099,2903,4848,5721,6433,6245,6294,5904,5278,7304,57586,4958,7748,5208,6536,7742,6893,8652,8122,7461,7169,4947,6108,81544,6295,4926,5441,7812,8641,7784,10512,10207,9333,9321,6689,7714,94675
Sam Ratulangi,803,1848,4793,4156,3798,3691,3782,5397,5922,4645,4611,3917,47363,3384,2615,4045,3451,3427,3424,4743,4436,4791,4674,4532,4097,47619,3788,3497,4403,4070,3902,3742,5903,5656,5600,6513,7401,7020,61495
Minangkabau,2878,3590,2765,4100,4624,5226,4946,5577,5453,4925,5898,6710,56692,4689,8229,2976,7166,7107,4561,5936,6685,8232,7511,6041,7550,76683,8490,7810,3649,6270,8312,8621,7674,8216,9699,7588,6611,7081,90021
Sultan Syarif Kasim II,1624,1914,1697,2453,2293,2447,2111,2770,2166,2377,2921,2964,27737,2126,3709,2081,3996,2849,4637,2516,3940,3320,2637,2485,2800,37096,2684,2446,2612,2793,3277,3443,2688,3201,3938,3091,3210,3775,37158
Sultan Iskandar Muda,1440,2024,1901,1349,2350,2157,2582,3108,2481,1875,2577,3461,27305,2379,4421,1582,2533,2050,2080,2489,3042,3909,3237,2534,3598,33854,3811,3825,1512,2184,4003,3607,4088,4305,5390,4257,3627,4217,44826
Ahmad Yani,1,1,1,0,0,0,0,0,8,0,0,0,11,0,2,0,0,0,0,0,0,0,0,0,0,2,0,0,0,0,0,4,11,0,1381,1618,1365,1627,6006
Supadio,0,1,0,0,0,0,0,0,0,0,0,2,3,0,0,0,0,0,0,0,0,5,3,0,0,8,1,0,0,0,0,0,29,0,1838,1674,1693,2371,7606
Hasanuddin,1066,1469,921,1564,1432,1888,1755,1609,1787,1175,1194,1500,17360,742,1408,579,1402,1066,1092,1532,1427,1326,1091,947,1085,13697,1203,979,1300,827,1468,1959,1781,1814,1594,1565,1306,2321,18117
Sultan Badaruddin II,0,1,1,0,0,0,11,4,0,0,1,6,24,0,2,2,0,5,0,15,11,0,0,0,2,37,0,0,4,1,11,2,204,1138,933,834,1110,837,5074
Pintu Udara Lainnya,672,645,953,889,1543,1341,2376,1796,1840,1518,1585,1831,16989,1941,2432,1376,1711,2396,2092,3170,2842,3882,4224,3901,4347,34314,3231,3571,3758,5317,6381,6311,7243,5969,5195,5074,5353,6069,63472
B. Pintu Laut,224851,191063,236181,235660,214326,276039,225106,220199,212770,186161,190258,291763,2704377,198072,239718,252013,211716,212718,261165,212433,248758,231748,218620,223293,264692,2774905,232267,203450,206397,200550,244169,307815,242599,263040,264693,260124,250166,353577,3028847
Batam,93781,73090,97040,88776,76577,133616,94373,94601,101470,79646,103497,149218,1185685,77836,111758,104191,78674,99404,130714,100295,119550,114682,109864,111306,157945,1316219,123223,103491,99412,99257,139491,166223,121487,144698,140073,137435,125503,193464,1593757
Tanjung Uban,14957,11265,19018,18547,15001,26345,17619,19237,20542,16838,16544,26205,222118,11442,18432,20741,14202,14974,22829,16210,20655,16058,15916,14933,22213,208605,15791,9815,17619,15254,20284,32073,21939,24930,20974,22633,16867,35187,253366
Tanjung Pinang,4973,2663,4043,5324,3391,6086,4010,4222,4827,5065,5912,7022,57538,2803,5921,4868,2614,3904,6135,3573,5948,4898,4632,4388,5788,55472,5583,4095,5218,4995,6071,6603,4620,4909,4971,5285,4880,6076,63306
Tanjung Balai Karimun,5814,4795,4835,5801,3590,4734,4391,4173,4345,4298,4683,6634,58093,4050,7747,5039,6899,5292,6436,5476,6555,6814,6770,6911,7649,75638,8038,7099,5773,6137,9131,9531,7927,8272,8364,8541,7938,10212,96963
Tanjung Benoa,1876,6505,3738,1229,21,71,81,78,53,2596,5632,801,22681,853,879,5423,324,109,106,95,3100,2061,5019,186,53,18208,976,2219,6154,3906,158,124,39,27,667,7,6857,6844,27978
Tanjung Mas,-,-,-,-,-,-,-,-,-,-,-,-,-,0,0,0,0,0,0,0,0,0,0,565,1302,1867,640,0,1129,535,0,619,0,0,0,0,1722,0,4645
Pintu Laut Lainnya,103450,92745,107507,115983,115746,105187,104632,97888,81533,77718,53990,101883,1158262,101088,94981,111751,109003,89035,94945,86784,92950,87235,76419,85004,69742,1098896,78016,76731,71092,70466,69034,92642,86587,80204,89644,86223,86399,101794,988832
C. Pintu Darat,89121,70924,78398,69717,80323,79276,76587,85993,79938,84774,84260,121486,1000797,97713,87359,107409,105157,97059,115122,103740,103641,105607,115500,111802,131073,1281223,122131,100835,108893,109233,120739,130352,137128,134047,133699,134653,143179,163619,1538508
Jayapura,132,86,106,91,8251,9933,7723,8335,8408,9174,3729,11445,67413,8254,6903,6515,7129,7305,8577,8544,9481,11649,10715,11188,14613,110873,12617,11015,5943,9296,9107,10569,11553,10344,12494,11274,11230,17405,132847
Atambua,2514,4212,7016,7322,6651,8267,8198,11895,8942,9700,8838,12678,96233,8426,7423,8958,9209,9670,11141,11847,10029,8384,13025,16360,18751,133223,11445,10244,13058,14292,15441,17380,21031,20318,18282,21420,20476,29738,213125
Entikong,2508,2725,2905,2929,2856,2819,2639,3488,2418,2274,2364,4522,34447,2366,4380,2540,4042,3737,2819,3204,3191,4256,3331,2797,5017,41680,4130,3482,2923,2719,5321,4734,3534,3803,4446,3135,2880,5269,46376
Aruk,2542,2503,2169,3592,2057,2755,1832,2653,1878,1721,1790,3605,29097,1733,4433,2400,3521,2225,2878,2926,2819,3680,2376,2208,3787,34986,3870,3482,3338,2583,3746,4858,2692,2973,3921,3097,2391,4038,40989
Nanga Badau,718,615,669,735,1324,1045,727,628,680,674,724,1363,9902,687,950,965,486,833,1028,940,892,1116,742,732,1493,10864,1143,935,974,798,1716,1259,1047,1116,991,918,816,1782,13495
Pintu Darat Lainnya,80707,60783,65533,55048,59184,54457,55468,58994,57612,61231,66815,87873,763705,76247,63270,86031,80770,73289,88679,76279,77229,76522,85311,78517,87412,949597,88926,71677,82657,79545,85408,91552,97271,95493,93565,94809,105386,105387,1091676
Jumlah (A+B+C),798469,749436,869244,865811,953714,1062791,1121189,1132638,1070245,978519,931227,1144542,11677825,927746,1062149,1041861,1066958,1145499,1197941,1310756,1339946,1279258,1193867,1092067,1228630,13886678,1156012,1022894,984769,1164539,1306000,1417096,1481346,1505220,1394910,1348993,1199007,1405860,15386646
Lainnya,-,-,-,-,-,-,-,-,-,-,-,-,-,-,-,-,-,-,-,-,-,-,-,-,0,0,0,0,0,0,0,0,0,0,0,0,0,0,0
Total,798469,749436,869244,865811,953714,1062791,1121189,1132638,1070245,978519,931227,1144542,11677825,927746,1062149,1041861,1066958,1145499,1197941,1310756,1339946,1279258,1193867,1092067,1228630,13886678,1156012,1022894,984769,1164539,1306000,1417096,1481346,1505220,1394910,1348993,1199007,1405860,15386646
,,,,,,,,,,,,,,,,,,,,,,,,,,,,,,,,,,,,,,,
Catatan,<br />Mulai tahun 2020 data pintu masuk Tanjung Mas digabung dengan Pintu masuk laut lainnya.,Pintu Adi Sucipto termasuk Yogyakarta International Airport/YIA.,Revisi angka pada bulan Desember 2024 dan Januari-Maret 2025 karena data MPD baru tersedia.,"Sumber: Kementerian Imigrasi dan Pemasyarakatan; dan MPD, diolah.",<br /><br />,,,,,,,,,,,,,,,,,,,,,,,,,,,,,,,,,,