Kabupaten/Kota,Jumlah Perjalanan Wisatawan Nusantara Menurut Kabupaten/Kota Tujuan (Perjalanan),,,,,,,,,,,,,,,,,,,,,,,,,,,,,,,,,,,,,,
,2023,,,,,,,,,,,,,2024,,,,,,,,,,,,,2025,,,,,,,,,,,,
,Januari,Februari,Maret,April,Mei,Juni,Juli,Agustus,September,Oktober,November,Desember,Tahunan,Januari,Februari,Maret,April,Mei,Juni,Juli,Agustus,September,Oktober,November,Desember,Tahunan,Januari,Februari,Maret,April,Mei,Juni,Juli,Agustus,September,Oktober,November,Desember,Tahunan
Kabupaten Lombok Barat,57969,41297,43662,37172,68615,90310,91982,76149,71301,78944,82821,105442,845664,137725,130432,125543,141441,140308,149595,154879,171332,268105,252263,240511,282078,2194212,264327,222575,204648,259109,244633,251723,236706,243534,255754,259244,-,-,2442253
Kabupaten Lombok Tengah,71453,57796,63485,59000,84652,111706,111646,93440,88202,119871,86748,71618,1019617,99437,97794,98210,98651,77025,85479,80635,97708,216285,168762,172444,198310,1490740,184771,161546,170664,206124,169999,190353,171237,178212,196261,220660,-,-,1849827
Kabupaten Lombok Timur,90666,70663,72605,109499,115206,139492,142123,113479,102653,104108,95935,72449,1228878,96375,96586,86900,122044,92568,106225,87791,107888,161147,127307,133950,149538,1368319,151140,121857,129171,210006,155126,192340,169228,178771,167916,169150,-,-,1644705
Kabupaten Sumbawa,106262,76032,56721,70657,178214,358899,374989,296473,255190,267950,256680,66259,2364326,95042,82312,79402,120470,105281,110412,97877,96597,62445,52214,45412,49596,997060,58843,47011,55846,88218,60931,73158,61411,63607,62688,61668,-,-,633381
Kabupaten Dompu,47281,35054,25736,35302,83110,180896,217296,172660,141794,145870,138259,75434,1298692,116673,108492,108666,127745,125115,124059,126471,123717,49846,40345,34289,39469,1124887,48907,39589,42004,63606,46663,51503,55362,47190,48636,45484,-,-,488944
Kabupaten Bima,88004,56591,26160,32483,131425,254036,277918,224904,197000,199336,199242,100478,1787577,143273,143232,137016,171775,139112,155611,155385,158140,60081,48143,43932,50872,1406572,61701,51930,55651,91913,59384,68236,67049,67183,64349,65249,-,-,652645
Kabupaten Sumbawa Barat,56751,49758,47328,55864,85267,146325,159670,131988,113658,115187,122207,41954,1125957,60070,56371,58822,76128,54385,60970,55282,61247,48175,38472,43966,41613,655501,44755,36648,40375,54297,41987,45481,43054,44488,42931,45448,-,-,439464
Kabupaten Lombok Utara,107820,65452,65903,72581,106839,127369,124426,98147,94682,96858,93821,38157,1092055,46549,40047,34856,50575,43145,47517,40289,55807,92576,75906,73105,78697,679069,86121,66864,58624,113401,84244,97367,85031,85867,88249,84414,-,-,850182
Kota Mataram,112741,92005,101056,109196,116223,132763,121231,115654,115499,121004,131934,134895,1404201,167241,155470,165488,176185,182431,176650,203022,226611,309238,292570,281640,361507,2698053,277464,245795,247007,280624,261636,269723,270555,282759,284330,304354,-,-,2724247
Kota Bima,36016,30200,22378,27933,55519,86979,97040,83272,74546,77564,79640,84350,755437,132540,120449,111091,117791,113025,125296,120328,132706,50531,45900,40830,44846,1155333,52689,44514,47990,60676,52443,54908,56839,54219,58167,54357,-,-,536802
Nusa Tenggara Barat,774963,574848,525034,609687,1025070,1628775,1718321,1406166,1254525,1326692,1287287,791036,12922404,1094925,1031185,1005994,1202805,1072395,1141814,1121959,1231753,1318429,1141882,1110079,1296526,13769746,1230718,1038329,1051980,1427974,1177046,1294792,1216472,1245830,1269281,1310028,-,-,12262450
,,,,,,,,,,,,,,,,,,,,,,,,,,,,,,,,,,,,,,,
Catatan,"Sumber: BPS Provinsi Nusa Tenggara Barat, Data berbasis Mobile Positioning Data (MPD).",,,,,,,,,,,,,,,,,,,,,,,,,,,,,,,,,,,,,,