Kabupaten/Kota 17,Jumlah Perjalanan Wisatawan Nusantara Menurut Kabupaten/Kota Tujuan di Sumatera Selatan (Perjalanan),,,,,,,,,,,,,,,,,,,,,,,,,,,,,,,,,,,,,,
,2023,,,,,,,,,,,,,2024,,,,,,,,,,,,,2025,,,,,,,,,,,,
,Januari,Februari,Maret,April,Mei,Juni,Juli,Agustus,September,Oktober,November,Desember,Tahunan,Januari,Februari,Maret,April,Mei,Juni,Juli,Agustus,September,Oktober,November,Desember,Tahunan,Januari,Februari,Maret,April,Mei,Juni,Juli,Agustus,September,Oktober,November,Desember,Tahunan
Sumatera Selatan,870450,714967,703181,1010231,1021583,968252,1013893,867202,867562,858520,725317,1373335,10994493,1425715,1319045,1285518,1854471,1326810,1361245,1309530,1377414,1613105,1637643,1613149,2019473,18143118,2066307,1943454,1811327,2951323,2122405,2418231,2234581,2104661,2084412,2110609,2077790,2140416,-
Ogan Komering Ulu,40578,34027,31505,50757,46402,44359,45275,36166,35357,37592,32309,50129,484456,56357,49711,49994,73324,48606,50695,49692,52427,61079,59019,59711,74902,685517,82430,71312,68578,113624,78497,91110,84921,75326,75058,74287,76235,82955,-
Ogan Komering Ilir,65785,56276,53838,88142,80622,66680,70020,62798,64664,66159,50538,90859,816381,94599,92026,96060,140143,84769,95225,84641,94363,107280,111334,113046,136854,1250340,139381,141096,133404,240107,149354,177758,153203,151016,147575,149637,147627,149434,-
Muara Enim,59184,48205,49088,72136,67718,69556,70346,58288,56728,58278,50741,100682,760950,111017,102648,99537,134821,95920,100602,94969,94770,116746,119599,112614,144147,1327390,148032,137824,125937,195157,140899,166534,148924,141562,137810,136433,139022,137968,-
Lahat,35348,27508,28361,49545,46700,43796,49183,39436,49900,40959,31689,71359,513784,71231,65995,63915,92971,66753,65210,68527,68713,81652,81097,79247,103207,908518,108807,99870,88708,157430,107076,119516,112321,100061,105626,101536,104848,104152,-
Musi Rawas,26716,21634,20860,28505,29672,27497,27789,22727,22627,23943,19447,47853,319270,50563,51784,46181,71392,48320,50767,45771,47989,54660,52858,52347,70731,643363,75100,72502,66624,109255,75632,87158,78310,77757,73832,75006,77227,76197,-
Musi Banyuasin,67730,60224,61076,80392,98592,101145,104700,96789,91617,89608,69328,94780,1015981,109593,98014,97295,130202,98703,101294,92336,95251,110290,109024,105295,130812,1278109,128331,131521,127155,189122,139241,157029,140969,140828,138623,151510,143550,145947,-
Banyuasin,48257,41948,41244,57150,62429,60367,65679,52845,53439,53744,45930,143090,726122,142635,134884,130841,189858,129845,153510,132205,142781,169006,183291,180992,222050,1911898,221357,225193,201580,295292,240336,274512,260881,240962,238072,235192,234475,230602,-
Ogan Komering Ulu Selatan,31778,18593,17492,37032,29787,26812,31695,23081,20366,21026,17998,34131,309791,37844,31376,29019,57588,29860,33479,36176,36245,41245,36270,35652,52112,456866,66201,46045,47149,102446,53999,75767,67846,57737,55280,52370,52601,56334,-
Ogan Komering Ulu Timur,39600,30828,32814,64434,62002,46580,50675,44461,45017,47356,35261,70742,569770,72339,65097,67622,125652,66234,70045,65679,78288,87434,88700,91391,106257,984738,113627,108634,110148,233139,115787,148114,122224,121254,124282,124068,116747,116392,-
Ogan Ilir,43594,42086,41530,54207,53155,49399,50188,51009,43268,44425,36611,68032,577504,70984,68752,66436,108808,76453,80516,61589,75379,79223,88521,88628,105688,970977,106182,111046,98573,179346,116637,144170,118569,144898,116178,119165,116917,118325,-
Empat Lawang,20783,17330,16376,29143,23982,23020,26182,19908,20036,20971,15643,23649,257023,26259,25957,23529,41056,23279,27247,24140,25406,30262,28169,26006,33393,334703,34311,30153,31483,63658,34989,45047,39115,34203,33237,32331,34160,32996,-
Pali,20256,19060,17817,25965,25171,23086,24898,21216,20042,21532,20412,30186,269641,32676,32949,28429,39886,28370,31156,27838,29078,31821,31875,33112,37163,384353,40364,41511,38240,60554,41400,49331,43873,40837,38961,39174,40672,39372,-
Musi Rawas Utara,13871,12262,12019,19022,17425,16900,16785,16674,15557,15658,13553,21430,191156,23135,23654,21833,34352,23281,26111,23895,24773,26317,24853,25921,33513,311638,33736,32750,32897,51903,35225,41311,36425,36054,34412,34216,34301,35874,-
Palembang,250940,209893,209912,246539,277287,273836,276250,237944,244803,230392,212805,372627,3043228,374853,345216,341803,428768,372050,335233,368210,367967,446521,459906,444383,562756,4847666,539628,507651,462737,673829,580860,601479,599640,531431,553558,565072,545314,587831,-
Prabumulih,31433,26531,26535,35945,34421,32522,33416,30406,31132,31881,25899,46566,386687,46124,43301,42161,55698,40893,42448,39729,42352,48263,50924,52292,60582,564767,61999,58087,62291,84852,69660,74693,71291,65577,65884,72090,68772,70699,-
Pagar Alam,36269,17824,13255,31490,24513,25305,31606,18233,19739,19955,16294,39235,293718,35468,26917,21245,50110,27966,34497,33362,36189,47509,39325,40455,58418,451461,68008,40584,33058,84570,50424,67301,60359,53381,53276,50042,49059,58139,-
Lubuk Linggau,38328,30738,29459,39827,41705,37392,39206,35221,33270,35041,30859,67985,459031,70038,60764,59618,79842,65508,63210,60771,65443,73797,72878,72057,86888,830814,98813,87675,82765,117039,92389,97401,95710,91777,92748,98480,96263,97199,-