tanggal,wisata_bali,wisata_yogyakarta,wisata_lombok,wisata_palembang,wisata_surabaya
2023-01-01,78,34,15,14,57
2023-01-08,68,27,13,8,42
2023-01-15,70,27,14,10,43
2023-01-22,70,27,13,11,45
2023-01-29,67,23,12,9,33
2023-02-05,66,22,11,9,34
2023-02-12,65,22,12,8,41
2023-02-19,66,20,12,8,35
2023-02-26,53,22,10,8,33
2023-03-05,59,23,11,8,36
2023-03-12,58,26,10,7,37
2023-03-19,48,18,9,6,30
2023-03-26,52,16,9,7,23
2023-04-02,45,20,8,6,24
2023-04-09,46,18,11,6,27
2023-04-16,69,22,10,11,35
2023-04-23,100,41,20,21,74
2023-04-30,69,26,13,11,48
2023-05-07,67,27,13,9,39
2023-05-14,66,29,13,10,45
2023-05-21,63,28,12,8,41
2023-05-28,70,31,13,10,51
2023-06-04,59,26,12,11,36
2023-06-11,64,25,13,9,43
2023-06-18,68,27,12,13,43
2023-06-25,79,32,14,13,58
2023-07-02,61,26,13,13,48
2023-07-09,50,22,10,7,41
2023-07-16,46,16,9,8,33
2023-07-23,49,15,10,8,32
2023-07-30,46,15,9,5,31
2023-08-06,49,15,10,7,29
2023-08-13,43,15,10,7,31
2023-08-20,45,17,8,6,29
2023-08-27,46,20,9,8,33
2023-09-03,45,17,9,8,33
2023-09-10,48,16,8,6,33
2023-09-17,47,18,11,6,31
2023-09-24,48,20,9,6,37
2023-10-01,50,18,10,6,30
2023-10-08,48,16,10,6,34
2023-10-15,48,17,10,7,31
2023-10-22,50,18,8,7,33
2023-10-29,50,15,11,5,33
2023-11-05,47,18,10,7,35
2023-11-12,50,21,8,6,30
2023-11-19,50,22,8,6,32
2023-11-26,47,20,9,7,31
2023-12-03,51,24,11,9,36
2023-12-10,57,27,12,10,38
2023-12-17,69,31,13,15,50
2023-12-24,86,39,15,22,78
2023-12-31,73,24,14,14,47
2024-01-07,53,21,9,7,31
2024-01-14,53,17,9,6,28
2024-01-21,48,16,9,7,25
2024-01-28,55,15,9,5,25
2024-02-04,51,18,8,9,31
2024-02-11,39,14,7,6,19
2024-02-18,48,15,8,5,22
2024-02-25,45,18,8,5,26
2024-03-03,42,18,9,5,22
2024-03-10,40,9,6,7,19
2024-03-17,40,12,8,2,14
2024-03-24,36,11,5,4,18
2024-03-31,38,11,6,4,16
2024-04-07,58,21,11,12,35
2024-04-14,43,15,9,8,28
2024-04-21,44,20,9,6,23
2024-04-28,42,17,9,6,23
2024-05-05,47,20,9,6,32
2024-05-12,48,17,8,6,24
2024-05-19,47,21,8,6,29
2024-05-26,42,17,7,6,24
2024-06-02,38,15,7,7,26
2024-06-09,39,12,8,6,26
2024-06-16,43,14,10,7,30
2024-06-23,49,17,11,6,37
2024-06-30,44,20,8,7,39
2024-07-07,38,16,8,6,31
2024-07-14,34,14,6,4,24
2024-07-21,38,12,8,3,23
2024-07-28,40,12,7,5,22
2024-08-04,38,12,10,4,23
2024-08-11,38,12,9,5,25
2024-08-18,38,13,9,3,21
2024-08-25,37,12,9,6,22
2024-09-01,37,12,8,5,20
2024-09-08,43,16,8,6,24
2024-09-15,33,15,8,6,27
2024-09-22,38,13,9,3,25
2024-09-29,36,12,8,4,26
2024-10-06,46,15,9,6,25
2024-10-13,36,13,7,5,21
2024-10-20,38,13,8,6,22
2024-10-27,39,13,8,4,23
2024-11-03,37,13,8,3,24
2024-11-10,39,16,10,6,22
2024-11-17,43,17,8,5,21
2024-11-24,37,15,6,5,26
2024-12-01,39,20,8,6,22
2024-12-08,37,16,8,7,26
2024-12-15,45,19,8,6,28
2024-12-22,52,24,9,9,42
2024-12-29,49,20,10,9,36
2025-01-05,43,15,8,6,23
2025-01-12,41,20,8,7,20
2025-01-19,44,19,7,6,22
2025-01-26,39,19,10,7,32
2025-02-02,37,12,6,4,13
2025-02-09,35,14,6,4,17
2025-02-16,34,14,6,4,17
2025-02-23,28,8,5,3,14
2025-03-02,27,10,5,2,12
2025-03-09,33,11,7,2,11
2025-03-16,27,9,5,4,11
2025-03-23,30,11,5,5,16
2025-03-30,47,20,12,13,31
2025-04-06,31,11,7,4,24
2025-04-13,34,13,8,5,21
2025-04-20,36,12,7,4,16
2025-04-27,28,12,8,4,22
2025-05-04,37,16,6,5,18
2025-05-11,39,14,8,4,21
2025-05-18,34,17,8,2,19
2025-05-25,32,13,8,4,19
2025-06-01,29,10,7,4,19
2025-06-08,32,12,6,6,19
2025-06-15,28,13,8,5,19
2025-06-22,35,17,8,6,27
2025-06-29,36,14,8,6,26
2025-07-06,28,12,6,3,24
2025-07-13,24,9,6,3,17
2025-07-20,26,8,6,4,16
2025-07-27,25,9,8,4,19
2025-08-03,25,10,7,5,16
2025-08-10,25,8,7,5,15
2025-08-17,24,8,7,4,12
2025-08-24,27,11,6,3,16
2025-08-31,26,10,6,4,14
2025-09-07,28,10,4,2,12
2025-09-14,22,9,5,2,13
2025-09-21,27,10,7,3,15
2025-09-28,27,8,7,4,16
2025-10-05,22,9,6,4,15
2025-10-12,27,9,6,4,16
2025-10-19,28,9,7,3,16
2025-10-26,30,12,6,3,17
2025-11-02,28,12,7,3,15
2025-11-09,27,12,6,4,19
2025-11-16,30,11,8,3,16
2025-11-23,27,11,6,3,17
2025-11-30,30,14,9,5,17
2025-12-07,27,12,5,3,17
2025-12-14,25,14,6,5,23
2025-12-21,36,16,7,6,31
2025-12-28,37,12,9,7,27
